Model,y_test,y_pred
ChemProp (D-MPNN Fold),6.180456064,6.010910415649414
ChemProp (D-MPNN Fold),5.853914362,5.915610504150391
ChemProp (D-MPNN Fold),6.468521083,7.097089004516602
ChemProp (D-MPNN Fold),7.0,7.10333662033081
ChemProp (D-MPNN Fold),7.677780705,7.0206273078918455
ChemProp (D-MPNN Fold),6.200659451,5.740418720245361
ChemProp (D-MPNN Fold),5.721246399,6.823275566101074
ChemProp (D-MPNN Fold),7.468521083,6.804808139801025
ChemProp (D-MPNN Fold),6.698970004,5.632284450531006
ChemProp (D-MPNN Fold),5.522878745,6.640720176696777
ChemProp (D-MPNN Fold),8.853871964,6.839323997497559
ChemProp (D-MPNN Fold),5.920818754,6.142594623565674
ChemProp (D-MPNN Fold),4.522878745,5.532478904724121
ChemProp (D-MPNN Fold),6.259637311,5.705820941925049
ChemProp (D-MPNN Fold),6.080921908,6.226912498474121
ChemProp (D-MPNN Fold),6.657577319,5.914859390258789
ChemProp (D-MPNN Fold),6.723538196,5.687937068939209
ChemProp (D-MPNN Fold),7.15490196,6.774570178985596
ChemProp (D-MPNN Fold),7.26760624,6.683628749847412
ChemProp (D-MPNN Fold),7.013228266,7.3148516654968265
ChemProp (D-MPNN Fold),4.744727495,5.402944946289063
ChemProp (D-MPNN Fold),5.404503778,5.237277030944824
ChemProp (D-MPNN Fold),6.721246399,5.833717155456543
ChemProp (D-MPNN Fold),5.356547324,4.802276992797852
ChemProp (D-MPNN Fold),5.747146969,5.411116981506348
ChemProp (D-MPNN Fold),7.638272164,5.719816207885742
ChemProp (D-MPNN Fold),5.832682665,5.785578346252441
ChemProp (D-MPNN Fold),6.096910013,5.796948528289795
ChemProp (D-MPNN Fold),5.978810701,6.44560432434082
ChemProp (D-MPNN Fold),8.366531544,8.794658279418945
ChemProp (D-MPNN Fold),5.853871964,6.194172000885009
ChemProp (D-MPNN Fold),5.795880017,7.003591442108155
ChemProp (D-MPNN Fold),6.698970004,5.888393783569336
ChemProp (D-MPNN Fold),5.107905397,5.750861167907715
ChemProp (D-MPNN Fold),8.494850022,8.571234512329102
ChemProp (D-MPNN Fold),3.958607315,5.606852340698242
ChemProp (D-MPNN Fold),6.15490196,6.3077929496765135
ChemProp (D-MPNN Fold),6.193820026,6.1519396781921385
ChemProp (D-MPNN Fold),7.142667504,7.21868314743042
ChemProp (D-MPNN Fold),5.903089987,5.550430774688721
ChemProp (D-MPNN Fold),7.096910013,6.638348007202149
ChemProp (D-MPNN Fold),6.37675071,6.438024616241455
ChemProp (D-MPNN Fold),6.508638306,6.28820104598999
ChemProp (D-MPNN Fold),5.055517328,5.664751243591309
ChemProp (D-MPNN Fold),8.387216143,8.172822284698487
ChemProp (D-MPNN Fold),5.268411235,6.123095607757568
ChemProp (D-MPNN Fold),6.301029996,5.451013565063477
ChemProp (D-MPNN Fold),7.698970004,7.418537521362305
ChemProp (D-MPNN Fold),7.823908741,7.9116617202758786
ChemProp (D-MPNN Fold),6.4225082,6.4592869758605955
ChemProp (D-MPNN Fold),5.696803943,6.076113986968994
ChemProp (D-MPNN Fold),6.055517328,6.003726387023926
ChemProp (D-MPNN Fold),4.747146969,4.592125034332275
ChemProp (D-MPNN Fold),5.935542011,5.908257007598877
ChemProp (D-MPNN Fold),6.161150909,5.941803455352783
ChemProp (D-MPNN Fold),6.920818754,6.773021125793457
ChemProp (D-MPNN Fold),9.337242168,8.378473091125489
ChemProp (D-MPNN Fold),7.113509275,7.344034481048584
ChemProp (D-MPNN Fold),5.568636236,6.199136447906494
ChemProp (D-MPNN Fold),8.259637311,6.418596172332764
ChemProp (D-MPNN Fold),8.236572006,8.352886581420899
ChemProp (D-MPNN Fold),6.356547324,6.326584243774414
ChemProp (D-MPNN Fold),5.602059991,5.81015043258667
ChemProp (D-MPNN Fold),5.214670165,5.9290111541748045
ChemProp (D-MPNN Fold),8.36251027,8.2946533203125
ChemProp (D-MPNN Fold),7.485452247,7.944091510772705
ChemProp (D-MPNN Fold),7.563837353,7.706815719604492
ChemProp (D-MPNN Fold),8.407823243,7.290495204925537
ChemProp (D-MPNN Fold),5.0,6.369763565063477
ChemProp (D-MPNN Fold),7.238072162,7.3725790023803714
ChemProp (D-MPNN Fold),7.400116928,7.439782905578613
ChemProp (D-MPNN Fold),8.003488328,8.689596176147461
ChemProp (D-MPNN Fold),7.123205024,6.684905052185059
ChemProp (D-MPNN Fold),7.2069084,6.070402717590332
ChemProp (D-MPNN Fold),6.742321425,7.027433681488037
ChemProp (D-MPNN Fold),7.987162775,8.199046993255616
ChemProp (D-MPNN Fold),8.22184875,8.242677879333495
ChemProp (D-MPNN Fold),5.0,7.138534259796143
ChemProp (D-MPNN Fold),8.571865206,8.259485626220703
ChemProp (D-MPNN Fold),8.036684489,7.623720645904541
ChemProp (D-MPNN Fold),7.88941029,7.126724624633789
ChemProp (D-MPNN Fold),7.537602002,7.6657812118530275
ChemProp (D-MPNN Fold),7.501689446,8.00981502532959
ChemProp (D-MPNN Fold),7.510041521,6.713640308380127
ChemProp (D-MPNN Fold),7.987162775,7.913144874572754
ChemProp (D-MPNN Fold),8.32330639,8.523807907104493
ChemProp (D-MPNN Fold),7.338187314,7.249338245391845
ChemProp (D-MPNN Fold),6.679853714,6.5539782524108885
ChemProp (D-MPNN Fold),5.0,5.22905330657959
ChemProp (D-MPNN Fold),7.677780705,6.92445650100708
ChemProp (D-MPNN Fold),4.938246032,5.963182258605957
ChemProp (D-MPNN Fold),7.446116973,7.981355953216553
ChemProp (D-MPNN Fold),7.638272164,7.024322414398194
ChemProp (D-MPNN Fold),5.096910013,6.301089191436768
ChemProp (D-MPNN Fold),4.931814138,4.836534404754639
ChemProp (D-MPNN Fold),4.987162775,4.934313011169434
ChemProp (D-MPNN Fold),5.37675071,4.6673534393310545
ChemProp (D-MPNN Fold),5.657577319,6.205453491210937
ChemProp (D-MPNN Fold),3.612610174,5.4702223777771
ChemProp (D-MPNN Fold),5.950781977,5.732854557037354
ChemProp (D-MPNN Fold),5.657577319,5.2028077125549315
ChemProp (D-MPNN Fold),4.431798276,5.42728967666626
ChemProp (D-MPNN Fold),4.698970004,5.485685062408447
ChemProp (D-MPNN Fold),5.508638306,4.341248607635498
ChemProp (D-MPNN Fold),5.148741651,5.489883327484131
ChemProp (D-MPNN Fold),6.609948504,6.487022781372071
ChemProp (D-MPNN Fold),5.387216143,5.627311897277832
ChemProp (D-MPNN Fold),6.656004865,5.764722633361816
ChemProp (D-MPNN Fold),5.585026652,5.2556475639343265
ChemProp (D-MPNN Fold),5.781202002,6.108037281036377
ChemProp (D-MPNN Fold),5.031517051,5.182999897003174
ChemProp (D-MPNN Fold),6.180456064,5.380070209503174
ChemProp (D-MPNN Fold),5.455931956,5.605024242401123
ChemProp (D-MPNN Fold),5.638272164,7.004036712646484
ChemProp (D-MPNN Fold),6.795880017,5.4063560485839846
ChemProp (D-MPNN Fold),6.433562508,6.255399990081787
ChemProp (D-MPNN Fold),6.579054594,7.287500095367432
ChemProp (D-MPNN Fold),5.861381566,5.9900225639343265
ChemProp (D-MPNN Fold),5.537602002,6.669785404205323
ChemProp (D-MPNN Fold),8.804100348,7.5670390129089355
ChemProp (D-MPNN Fold),6.337242168,5.677377319335937
ChemProp (D-MPNN Fold),5.619788758,6.302794742584228
ChemProp (D-MPNN Fold),6.022276395,5.196414756774902
ChemProp (D-MPNN Fold),5.568636236,5.402952194213867
ChemProp (D-MPNN Fold),6.008773924,5.337048721313477
ChemProp (D-MPNN Fold),5.0,4.740717887878418
ChemProp (D-MPNN Fold),5.0,6.0307541847229
ChemProp (D-MPNN Fold),5.0,5.9331108093261715
ChemProp (D-MPNN Fold),5.0,5.871021366119384
ChemProp (D-MPNN Fold),8.058985756,7.929395389556885
ChemProp (D-MPNN Fold),6.431798276,5.398038864135742
ChemProp (D-MPNN Fold),5.0,5.26943006515503
ChemProp (D-MPNN Fold),5.958607315,6.858969211578369
ChemProp (D-MPNN Fold),4.096910013,5.9913982391357425
ChemProp (D-MPNN Fold),5.0,4.5442359924316404
ChemProp (D-MPNN Fold),5.0,6.0030313491821286
ChemProp (D-MPNN Fold),5.0,6.01308240890503
ChemProp (D-MPNN Fold),6.040958608,6.187811756134034
ChemProp (D-MPNN Fold),8.403402904,7.950426483154297
ChemProp (D-MPNN Fold),7.769551079,6.477775382995605
ChemProp (D-MPNN Fold),5.568636236,5.232656335830688
ChemProp (D-MPNN Fold),5.560667306,6.505110454559326
ChemProp (D-MPNN Fold),5.809668302,6.347028064727783
ChemProp (D-MPNN Fold),5.337242168,5.397286510467529
ChemProp (D-MPNN Fold),4.518557371,5.085931587219238
ChemProp (D-MPNN Fold),4.603800653,4.8564066886901855
ChemProp (D-MPNN Fold),5.244125144,4.742965412139893
ChemProp (D-MPNN Fold),4.928117993,4.722749519348144
ChemProp (D-MPNN Fold),5.124938737,5.032819366455078
ChemProp (D-MPNN Fold),7.045757491,6.123647403717041
ChemProp (D-MPNN Fold),7.096910013,6.4357630729675295
ChemProp (D-MPNN Fold),6.119186408,6.167422485351563
ChemProp (D-MPNN Fold),6.797934195,5.952439785003662
ChemProp (D-MPNN Fold),4.774690718,5.179905414581299
ChemProp (D-MPNN Fold),5.038101919,5.9865411758422855
ChemProp (D-MPNN Fold),6.090756968,5.637710952758789
ChemProp (D-MPNN Fold),6.060480747,6.234841346740723
ChemProp (D-MPNN Fold),6.163675884,5.1921436309814455
ChemProp (D-MPNN Fold),6.673664139,3.4716437816619874
ChemProp (D-MPNN Fold),6.242603971,4.733153390884399
ChemProp (D-MPNN Fold),8.2915791,4.7892382621765135
ChemProp (D-MPNN Fold),5.997833938,5.675058460235595
ChemProp (D-MPNN Fold),5.888023773,6.256399822235108
ChemProp (D-MPNN Fold),4.50931865,4.720383977890014
ChemProp (D-MPNN Fold),4.727916115,5.2637526512146
ChemProp (D-MPNN Fold),4.790484985,4.837898254394531
ChemProp (D-MPNN Fold),4.286509457,4.543738269805909
ChemProp (D-MPNN Fold),4.338187314,4.223162269592285
ChemProp (D-MPNN Fold),4.354577731,4.299008750915528
ChemProp (D-MPNN Fold),4.087246696,5.187066555023193
ChemProp (D-MPNN Fold),4.15864053,4.0746277332305905
ChemProp (D-MPNN Fold),4.415668776,4.3538963317871096
ChemProp (D-MPNN Fold),4.59345982,3.9827461719512938
ChemProp (D-MPNN Fold),4.705533774,6.266680335998535
ChemProp (D-MPNN Fold),4.920818754,4.037876081466675
ChemProp (D-MPNN Fold),4.080921908,4.949259662628174
ChemProp (D-MPNN Fold),4.862224039,5.421336650848389
ChemProp (D-MPNN Fold),7.602059991,7.566937351226807
ChemProp (D-MPNN Fold),8.13667714,7.402889347076416
ChemProp (D-MPNN Fold),7.657577319,5.86972942352295
ChemProp (D-MPNN Fold),6.113509275,5.996370410919189
ChemProp (D-MPNN Fold),1.559090918,3.6894163131713866
ChemProp (D-MPNN Fold),7.481749349,7.172141265869141
ChemProp (D-MPNN Fold),8.200831824,8.246855068206788
ChemProp (D-MPNN Fold),6.481742765,6.8695173263549805
ChemProp (D-MPNN Fold),7.10796108,7.228111362457275
ChemProp (D-MPNN Fold),7.167235695,6.287532806396484
ChemProp (D-MPNN Fold),7.124967691,6.451785755157471
ChemProp (D-MPNN Fold),6.022287824,6.702617740631103
ChemProp (D-MPNN Fold),6.221823417,6.388935947418213
ChemProp (D-MPNN Fold),5.552841969,6.401171016693115
ChemProp (D-MPNN Fold),7.024568191,7.089284133911133
ChemProp (D-MPNN Fold),7.901356274,7.343046379089356
ChemProp (D-MPNN Fold),5.568636236,4.9565685272216795
ChemProp (D-MPNN Fold),5.958607315,5.836616039276123
ChemProp (D-MPNN Fold),5.677780705,5.523472309112549
ChemProp (D-MPNN Fold),5.552841969,5.230256366729736
ChemProp (D-MPNN Fold),6.148741651,6.319065380096435
ChemProp (D-MPNN Fold),6.823908741,5.799651336669922
ChemProp (D-MPNN Fold),4.812479279,5.149155330657959
ChemProp (D-MPNN Fold),4.653647026,4.739191627502441
ChemProp (D-MPNN Fold),4.707743929,4.464377403259277
ChemProp (D-MPNN Fold),5.35261703,5.023659801483154
ChemProp (D-MPNN Fold),5.15490196,4.689098834991455
ChemProp (D-MPNN Fold),4.522878745,4.787552738189698
ChemProp (D-MPNN Fold),5.934793872,6.943682765960693
ChemProp (D-MPNN Fold),5.956048582,5.803870677947998
ChemProp (D-MPNN Fold),6.066259701,5.7168676376342775
ChemProp (D-MPNN Fold),6.256333479,6.145163631439209
ChemProp (D-MPNN Fold),6.297526381,6.067626571655273
ChemProp (D-MPNN Fold),6.297267975,6.124928092956543
ChemProp (D-MPNN Fold),5.375047895,5.977818202972412
ChemProp (D-MPNN Fold),5.898424754,6.166471004486084
ChemProp (D-MPNN Fold),6.042871802,5.90233793258667
ChemProp (D-MPNN Fold),5.881900688,5.730195140838623
ChemProp (D-MPNN Fold),6.093126465,6.325267887115478
ChemProp (D-MPNN Fold),7.853871964,6.011328315734863
ChemProp (D-MPNN Fold),5.95683428,6.174746894836426
ChemProp (D-MPNN Fold),7.336770365,7.251898097991943
ChemProp (D-MPNN Fold),4.823908741,4.881040477752686
ChemProp (D-MPNN Fold),4.886056648,4.79956283569336
ChemProp (D-MPNN Fold),4.823908741,5.128802871704101
ChemProp (D-MPNN Fold),4.838631998,5.094326019287109
ChemProp (D-MPNN Fold),4.838631998,4.582524681091309
ChemProp (D-MPNN Fold),7.721246399,7.808976078033448
ChemProp (D-MPNN Fold),7.721246399,7.9722541809082035
ChemProp (D-MPNN Fold),7.920818754,7.969370365142822
ChemProp (D-MPNN Fold),8.443697499,7.711760425567627
ChemProp (D-MPNN Fold),8.022276395,8.04327163696289
ChemProp (D-MPNN Fold),8.107905397,7.71648645401001
ChemProp (D-MPNN Fold),5.693789492,5.714025592803955
ChemProp (D-MPNN Fold),6.206209615,6.456865215301514
ChemProp (D-MPNN Fold),6.211831629,6.034730720520019
ChemProp (D-MPNN Fold),6.144480844,5.653207874298095
ChemProp (D-MPNN Fold),5.927382523,5.955969429016113
ChemProp (D-MPNN Fold),5.880909148,5.981369304656982
ChemProp (D-MPNN Fold),5.370590401,6.133182525634766
ChemProp (D-MPNN Fold),8.431798276,8.262238883972168
ChemProp (D-MPNN Fold),5.732828272,5.277108097076416
ChemProp (D-MPNN Fold),5.709965389,5.023666858673096
ChemProp (D-MPNN Fold),5.217527376,5.808352375030518
ChemProp (D-MPNN Fold),5.602059991,5.855180072784424
ChemProp (D-MPNN Fold),5.732828272,5.630169486999511
ChemProp (D-MPNN Fold),5.809668302,5.6676054954528805
ChemProp (D-MPNN Fold),5.859491957,6.0092473983764645
ChemProp (D-MPNN Fold),5.177178355,5.799320125579834
ChemProp (D-MPNN Fold),5.866461092,5.665641975402832
ChemProp (D-MPNN Fold),5.120617363,4.737422275543213
ChemProp (D-MPNN Fold),5.219754716,5.400579929351807
ChemProp (D-MPNN Fold),5.22184875,5.3015063285827635
ChemProp (D-MPNN Fold),5.173925197,5.186021900177002
ChemProp (D-MPNN Fold),5.179470151,5.123736572265625
ChemProp (D-MPNN Fold),6.119186408,5.381524276733399
ChemProp (D-MPNN Fold),1.698970004,5.320970916748047
ChemProp (D-MPNN Fold),4.092588639,5.629745101928711
ChemProp (D-MPNN Fold),2.148741651,4.809556913375855
ChemProp (D-MPNN Fold),3.744727495,2.8515946865081787
ChemProp (D-MPNN Fold),2.335358024,2.9571046829223633
ChemProp (D-MPNN Fold),3.657577319,2.7806275367736815
ChemProp (D-MPNN Fold),3.795880017,3.2828832626342774
ChemProp (D-MPNN Fold),2.962573502,3.0811203956604003
ChemProp (D-MPNN Fold),3.920818754,2.8460094928741455
ChemProp (D-MPNN Fold),2.420216403,3.6927584171295167
ChemProp (D-MPNN Fold),2.812479279,2.5356369972229005
ChemProp (D-MPNN Fold),3.301029996,2.8231019973754883
ChemProp (D-MPNN Fold),1.935542011,2.2821638107299806
ChemProp (D-MPNN Fold),3.494850022,2.96419153213501
ChemProp (D-MPNN Fold),2.290730039,2.733624792098999
ChemProp (D-MPNN Fold),2.501689446,3.4091286659240723
ChemProp (D-MPNN Fold),5.508638306,5.864217281341553
ChemProp (D-MPNN Fold),7.886056648,7.081033706665039
ChemProp (D-MPNN Fold),5.008773924,5.323585891723633
ChemProp (D-MPNN Fold),5.040958608,5.997267150878907
ChemProp (D-MPNN Fold),4.663540266,4.910812568664551
ChemProp (D-MPNN Fold),4.044793462,5.550349426269531
ChemProp (D-MPNN Fold),5.468521083,4.124206972122193
ChemProp (D-MPNN Fold),5.95907081,5.824370098114014
ChemProp (D-MPNN Fold),8.207608311,8.709853076934815
ChemProp (D-MPNN Fold),4.657577319,5.663690662384033
ChemProp (D-MPNN Fold),7.585026652,7.066754722595215
ChemProp (D-MPNN Fold),4.498784721,4.009926652908325
ChemProp (D-MPNN Fold),5.906578315,4.951438522338867
ChemProp (D-MPNN Fold),5.392544977,5.690186214447022
ChemProp (D-MPNN Fold),5.795880017,5.967319583892822
ChemProp (D-MPNN Fold),5.988579704,5.319652462005616
ChemProp (D-MPNN Fold),5.56931797,6.284505844116211
ChemProp (D-MPNN Fold),4.549875423,4.487239074707031
ChemProp (D-MPNN Fold),8.004364805,7.818256664276123
ChemProp (D-MPNN Fold),6.677780705,6.946153926849365
ChemProp (D-MPNN Fold),4.060240305,4.441909885406494
ChemProp (D-MPNN Fold),4.090756834,5.055837726593017
ChemProp (D-MPNN Fold),7.769551079,7.552706623077393
ChemProp (D-MPNN Fold),4.112313201,4.573818397521973
ChemProp (D-MPNN Fold),7.677780705,7.923617267608643
ChemProp (D-MPNN Fold),7.657577319,6.900899219512939
ChemProp (D-MPNN Fold),7.552841969,7.785273838043213
ChemProp (D-MPNN Fold),5.537602002,5.570478057861328
ChemProp (D-MPNN Fold),5.677780705,5.593884563446045
ChemProp (D-MPNN Fold),6.045757491,6.78790693283081
ChemProp (D-MPNN Fold),5.853871964,6.00834093093872
ChemProp (D-MPNN Fold),5.568636236,5.724741268157959
ChemProp (D-MPNN Fold),3.406713933,4.921978282928467
ChemProp (D-MPNN Fold),4.515700161,5.804226303100586
ChemProp (D-MPNN Fold),3.588346983,4.512499713897705
ChemProp (D-MPNN Fold),7.838631998,7.342959690093994
ChemProp (D-MPNN Fold),5.958737623,6.909447574615479
ChemProp (D-MPNN Fold),4.72062272,4.286232900619507
ChemProp (D-MPNN Fold),5.677780705,8.057147789001466
ChemProp (D-MPNN Fold),4.66756154,4.883257484436035
ChemProp (D-MPNN Fold),5.958607315,5.6663206100463865
ChemProp (D-MPNN Fold),4.200329615,3.7573008060455324
ChemProp (D-MPNN Fold),5.277144874,5.573193740844727
ChemProp (D-MPNN Fold),6.00656377,5.924201393127442
ChemProp (D-MPNN Fold),6.202040356,5.474775695800782
ChemProp (D-MPNN Fold),6.537602002,6.651308822631836
ChemProp (D-MPNN Fold),5.292429824,5.236797904968261
ChemProp (D-MPNN Fold),5.229147988,5.898898887634277
ChemProp (D-MPNN Fold),5.677780705,5.080494689941406
ChemProp (D-MPNN Fold),8.236572006,8.237483978271484
ChemProp (D-MPNN Fold),8.387216143,8.551802444458009
ChemProp (D-MPNN Fold),8.0,8.266628074645997
ChemProp (D-MPNN Fold),7.795880017,7.009934329986573
ChemProp (D-MPNN Fold),7.886056648,7.9302021026611325
ChemProp (D-MPNN Fold),7.958607315,8.090096855163575
ChemProp (D-MPNN Fold),8.468521083,8.077274799346924
ChemProp (D-MPNN Fold),8.638272164,8.5235107421875
ChemProp (D-MPNN Fold),8.698970004,8.431499862670899
ChemProp (D-MPNN Fold),8.638272164,8.499892616271973
ChemProp (D-MPNN Fold),8.721246399,8.604196357727051
ChemProp (D-MPNN Fold),5.397940009,4.249495649337769
ChemProp (D-MPNN Fold),5.823939625,5.719597911834716
ChemProp (D-MPNN Fold),5.321593927,5.366833591461182
ChemProp (D-MPNN Fold),4.245804612,5.931368732452393
ChemProp (D-MPNN Fold),4.698970004,4.8501111507415775
ChemProp (D-MPNN Fold),5.570165389,4.5722270011901855
ChemProp (D-MPNN Fold),5.990933142,5.731986713409424
ChemProp (D-MPNN Fold),5.049432165,4.624624443054199
ChemProp (D-MPNN Fold),5.159093208,4.689193344116211
ChemProp (D-MPNN Fold),6.795880017,5.20077486038208
ChemProp (D-MPNN Fold),5.091009314,5.4462096214294435
ChemProp (D-MPNN Fold),5.366531544,5.340383625030517
ChemProp (D-MPNN Fold),5.409290026,5.8699969291687015
ChemProp (D-MPNN Fold),5.221836626,5.379564380645752
ChemProp (D-MPNN Fold),8.236572006,7.301376533508301
ChemProp (D-MPNN Fold),7.721246399,7.328276062011719
ChemProp (D-MPNN Fold),5.958607315,5.807471752166748
ChemProp (D-MPNN Fold),5.853871964,5.385952281951904
ChemProp (D-MPNN Fold),5.769679561,5.083688163757325
ChemProp (D-MPNN Fold),5.03614137,5.610421848297119
ChemProp (D-MPNN Fold),6.091509619,5.480504417419434
ChemProp (D-MPNN Fold),5.585026652,4.984918594360352
ChemProp (D-MPNN Fold),4.935542011,5.0323899269104
ChemProp (D-MPNN Fold),5.469013562,5.42144660949707
ChemProp (D-MPNN Fold),6.060321036,5.710991096496582
ChemProp (D-MPNN Fold),6.0,5.478875732421875
ChemProp (D-MPNN Fold),8.148741651,7.520991230010987
ChemProp (D-MPNN Fold),7.823908741,6.728637313842773
ChemProp (D-MPNN Fold),6.853871964,7.773314762115478
ChemProp (D-MPNN Fold),8.102372909,7.869021797180176
ChemProp (D-MPNN Fold),8.366531544,8.270072269439698
ChemProp (D-MPNN Fold),8.431798276,8.422255325317384
ChemProp (D-MPNN Fold),8.744727495,8.53172607421875
ChemProp (D-MPNN Fold),4.774690718,4.8661096572875975
ChemProp (D-MPNN Fold),5.920818754,5.098092937469483
ChemProp (D-MPNN Fold),5.823908741,6.574054431915283
ChemProp (D-MPNN Fold),6.677780705,6.392340183258057
ChemProp (D-MPNN Fold),6.148741651,6.193103694915772
ChemProp (D-MPNN Fold),3.879426069,5.506593132019043
ChemProp (D-MPNN Fold),3.301029996,5.820862770080566
ChemProp (D-MPNN Fold),6.113509275,5.76041841506958
ChemProp (D-MPNN Fold),5.698970004,5.738178348541259
ChemProp (D-MPNN Fold),6.22184875,6.3862049102783205
ChemProp (D-MPNN Fold),7.522878745,7.44305009841919
ChemProp (D-MPNN Fold),8.075720714,7.425393581390381
ChemProp (D-MPNN Fold),7.236572006,7.805895137786865
ChemProp (D-MPNN Fold),7.494850022,7.220674800872803
ChemProp (D-MPNN Fold),4.698970004,5.484051609039307
ChemProp (D-MPNN Fold),4.397940009,5.23707218170166
ChemProp (D-MPNN Fold),4.698970004,5.404563140869141
ChemProp (D-MPNN Fold),5.301029996,4.989289379119873
ChemProp (D-MPNN Fold),6.031517051,5.1425371170043945
ChemProp (D-MPNN Fold),6.431798276,5.510630416870117
ChemProp (D-MPNN Fold),6.366531544,6.33057918548584
ChemProp (D-MPNN Fold),6.443697499,6.539488315582275
ChemProp (D-MPNN Fold),6.744727495,6.529324054718018
ChemProp (D-MPNN Fold),6.318758763,7.017024993896484
ChemProp (D-MPNN Fold),6.958607315,6.64264326095581
ChemProp (D-MPNN Fold),6.744727495,7.0040788650512695
ChemProp (D-MPNN Fold),4.494850022,4.899031066894532
ChemProp (D-MPNN Fold),4.823908741,4.866173648834229
ChemProp (D-MPNN Fold),5.301029996,4.826135444641113
ChemProp (D-MPNN Fold),5.036212173,5.131724739074707
ChemProp (D-MPNN Fold),5.187086643,5.241653537750244
ChemProp (D-MPNN Fold),6.657577319,6.7890143394470215
ChemProp (D-MPNN Fold),6.823908741,6.556766605377197
ChemProp (D-MPNN Fold),5.494850022,6.602078437805176
ChemProp (D-MPNN Fold),4.347753659,5.384521198272705
ChemProp (D-MPNN Fold),7.958607315,7.874732780456543
ChemProp (D-MPNN Fold),7.0,6.96494197845459
ChemProp (D-MPNN Fold),5.721246399,7.335821628570557
ChemProp (D-MPNN Fold),6.0,7.476308536529541
ChemProp (D-MPNN Fold),7.180456064,6.915749645233154
ChemProp (D-MPNN Fold),6.853871964,6.77917366027832
ChemProp (D-MPNN Fold),7.301029996,7.180545997619629
ChemProp (D-MPNN Fold),5.236572006,5.7557604789733885
ChemProp (D-MPNN Fold),7.251811973,7.178285026550293
ChemProp (D-MPNN Fold),5.721246399,6.065614700317383
ChemProp (D-MPNN Fold),7.004364805,6.184628105163574
ChemProp (D-MPNN Fold),6.443697499,6.703886413574219
ChemProp (D-MPNN Fold),6.070581074,6.034567260742188
ChemProp (D-MPNN Fold),5.595166283,5.82041654586792
ChemProp (D-MPNN Fold),6.080921908,5.790149974822998
ChemProp (D-MPNN Fold),5.356547324,5.797642517089844
ChemProp (D-MPNN Fold),7.920818754,6.832144737243652
ChemProp (D-MPNN Fold),6.958607315,6.341342926025391
ChemProp (D-MPNN Fold),5.886056648,7.443776226043701
ChemProp (D-MPNN Fold),5.657577319,6.703751564025879
ChemProp (D-MPNN Fold),8.136776305,7.945482540130615
ChemProp (D-MPNN Fold),7.397940009,7.076128196716309
ChemProp (D-MPNN Fold),7.30980392,7.233226585388183
ChemProp (D-MPNN Fold),7.207608311,7.555399703979492
ChemProp (D-MPNN Fold),7.744727495,7.20383882522583
ChemProp (D-MPNN Fold),5.958607315,7.460545539855957
ChemProp (D-MPNN Fold),5.585026652,7.313775730133057
ChemProp (D-MPNN Fold),7.619788758,7.6932878494262695
ChemProp (D-MPNN Fold),7.638272164,7.5414708137512205
ChemProp (D-MPNN Fold),7.677780705,7.633667850494385
ChemProp (D-MPNN Fold),7.13667714,7.690153026580811
ChemProp (D-MPNN Fold),7.853871964,7.286503505706787
ChemProp (D-MPNN Fold),7.677780705,7.39402208328247
ChemProp (D-MPNN Fold),7.853871964,7.614158725738525
ChemProp (D-MPNN Fold),7.443697499,7.301119613647461
ChemProp (D-MPNN Fold),7.638272164,7.906157112121582
ChemProp (D-MPNN Fold),7.494850022,7.618072032928467
ChemProp (D-MPNN Fold),4.677780705,6.592758274078369
ChemProp (D-MPNN Fold),7.301029996,7.329647636413574
ChemProp (D-MPNN Fold),5.886056648,6.35405158996582
ChemProp (D-MPNN Fold),6.853871964,6.834250354766846
ChemProp (D-MPNN Fold),7.537602002,6.336624050140381
ChemProp (D-MPNN Fold),6.040958608,7.16537389755249
ChemProp (D-MPNN Fold),4.420216403,4.3926647186279295
ChemProp (D-MPNN Fold),4.101184843,4.251313591003418
ChemProp (D-MPNN Fold),4.63913519,4.53184871673584
ChemProp (D-MPNN Fold),3.979404953,4.4544295310974125
ChemProp (D-MPNN Fold),4.645891561,5.192440223693848
ChemProp (D-MPNN Fold),5.348390575,4.467037105560303
ChemProp (D-MPNN Fold),4.558758322,4.565447425842285
ChemProp (D-MPNN Fold),4.811237817,5.175807285308838
ChemProp (D-MPNN Fold),4.721246399,6.018050765991211
ChemProp (D-MPNN Fold),7.26760624,6.941150093078614
ChemProp (D-MPNN Fold),7.920818754,7.622710037231445
ChemProp (D-MPNN Fold),7.769721424,7.940878772735596
ChemProp (D-MPNN Fold),7.657577319,8.045301818847657
ChemProp (D-MPNN Fold),5.351626651,5.426905250549316
ChemProp (D-MPNN Fold),6.721589399,6.189353561401367
ChemProp (D-MPNN Fold),6.283996656,6.094374370574951
ChemProp (D-MPNN Fold),6.420212594,6.592068862915039
ChemProp (D-MPNN Fold),6.008782788,6.380358695983887
ChemProp (D-MPNN Fold),5.920812722,6.735155200958252
ChemProp (D-MPNN Fold),6.136685072,6.211221599578858
ChemProp (D-MPNN Fold),7.585026652,7.477772045135498
ChemProp (D-MPNN Fold),5.431865577,6.033629512786865
ChemProp (D-MPNN Fold),6.638278458,6.022721958160401
ChemProp (D-MPNN Fold),6.427897416,6.293855667114258
ChemProp (D-MPNN Fold),6.442183128,6.186473846435547
ChemProp (D-MPNN Fold),6.318773843,6.563755130767822
ChemProp (D-MPNN Fold),6.340391178,6.071210193634033
ChemProp (D-MPNN Fold),7.823908741,7.557466888427735
ChemProp (D-MPNN Fold),6.48148606,7.940980529785156
ChemProp (D-MPNN Fold),7.568636236,7.251141452789307
ChemProp (D-MPNN Fold),7.107905397,6.98889045715332
ChemProp (D-MPNN Fold),7.013213342,7.178245544433594
ChemProp (D-MPNN Fold),6.853913328,7.155847263336182
ChemProp (D-MPNN Fold),6.742313427,7.202203178405762
ChemProp (D-MPNN Fold),7.769721424,7.395529747009277
ChemProp (D-MPNN Fold),8.004379428,6.652252292633056
ChemProp (D-MPNN Fold),7.522927003,7.126585960388184
ChemProp (D-MPNN Fold),7.677780705,7.166535186767578
ChemProp (D-MPNN Fold),6.958738939,6.906587600708008
ChemProp (D-MPNN Fold),8.15490196,8.01569585800171
ChemProp (D-MPNN Fold),8.13076828,8.012269401550293
ChemProp (D-MPNN Fold),6.03614137,7.33820161819458
ChemProp (D-MPNN Fold),7.494850022,7.342502117156982
ChemProp (D-MPNN Fold),6.327902142,5.763874816894531
ChemProp (D-MPNN Fold),4.498940738,4.663565921783447
ChemProp (D-MPNN Fold),4.651695137,4.345004940032959
ChemProp (D-MPNN Fold),4.690369833,5.089146900177002
ChemProp (D-MPNN Fold),4.455931956,5.480791282653809
ChemProp (D-MPNN Fold),4.504455662,4.818513107299805
ChemProp (D-MPNN Fold),4.667671138,4.918996429443359
ChemProp (D-MPNN Fold),4.568636236,4.337975406646729
ChemProp (D-MPNN Fold),4.327902142,4.940036678314209
ChemProp (D-MPNN Fold),4.935542011,4.186651706695557
ChemProp (D-MPNN Fold),4.585026652,4.715497779846191
ChemProp (D-MPNN Fold),6.30980392,6.986907577514648
ChemProp (D-MPNN Fold),6.080914931,5.932326793670654
ChemProp (D-MPNN Fold),8.657577319,7.556159210205078
ChemProp (D-MPNN Fold),6.522917351,6.385731983184814
ChemProp (D-MPNN Fold),8.119186408,8.045812511444092
ChemProp (D-MPNN Fold),5.619792377,6.2522204399108885
ChemProp (D-MPNN Fold),7.387216143,7.62325439453125
ChemProp (D-MPNN Fold),6.136685072,6.0047399520874025
ChemProp (D-MPNN Fold),9.055517328,8.014124774932862
ChemProp (D-MPNN Fold),8.065501549,8.32483959197998
ChemProp (D-MPNN Fold),6.167327193,5.786992740631104
ChemProp (D-MPNN Fold),5.552828009,6.213751316070557
ChemProp (D-MPNN Fold),6.33722958,6.328768157958985
ChemProp (D-MPNN Fold),6.026872146,6.587900924682617
ChemProp (D-MPNN Fold),6.0,6.19918270111084
ChemProp (D-MPNN Fold),6.677787599,6.082310676574707
ChemProp (D-MPNN Fold),7.721170214,7.000684452056885
ChemProp (D-MPNN Fold),7.346787486,7.017060375213623
ChemProp (D-MPNN Fold),7.236721789,7.726443576812744
ChemProp (D-MPNN Fold),7.638272164,7.562160491943359
ChemProp (D-MPNN Fold),7.443818153,7.213511848449707
ChemProp (D-MPNN Fold),4.585026652,5.005829906463623
ChemProp (D-MPNN Fold),5.0,3.6141485214233398
ChemProp (D-MPNN Fold),3.896196279,5.473378658294678
ChemProp (D-MPNN Fold),4.0,4.449741792678833
ChemProp (D-MPNN Fold),4.468521083,4.91075382232666
ChemProp (D-MPNN Fold),7.853871964,7.233049201965332
ChemProp (D-MPNN Fold),4.958607315,5.15832748413086
ChemProp (D-MPNN Fold),5.172612847,4.1069958209991455
ChemProp (D-MPNN Fold),4.848473052,5.367674446105957
ChemProp (D-MPNN Fold),5.521917125,5.761666107177734
ChemProp (D-MPNN Fold),5.769700979,5.381615543365479
ChemProp (D-MPNN Fold),5.822602035,5.6461163520812985
ChemProp (D-MPNN Fold),6.077143115,5.748783683776855
ChemProp (D-MPNN Fold),5.743146007,5.719863033294677
ChemProp (D-MPNN Fold),5.658383486,5.6322829246521
ChemProp (D-MPNN Fold),7.744727495,7.8090996742248535
ChemProp (D-MPNN Fold),7.522927003,8.214248561859131
ChemProp (D-MPNN Fold),8.406758251,7.852903747558594
ChemProp (D-MPNN Fold),7.769551079,8.236965751647949
ChemProp (D-MPNN Fold),8.200659451,7.839733982086182
ChemProp (D-MPNN Fold),8.022291633,7.490179920196534
ChemProp (D-MPNN Fold),7.775746716,7.685735130310059
ChemProp (D-MPNN Fold),8.148823217,7.7870909690856935
ChemProp (D-MPNN Fold),6.698970004,5.951648616790772
ChemProp (D-MPNN Fold),6.522878745,5.939284610748291
ChemProp (D-MPNN Fold),6.119192122,6.5967353820800785
ChemProp (D-MPNN Fold),7.167491087,7.288723278045654
ChemProp (D-MPNN Fold),7.124938737,7.903278732299805
ChemProp (D-MPNN Fold),6.22184875,7.470457935333252
ChemProp (D-MPNN Fold),7.48148606,6.804222869873047
ChemProp (D-MPNN Fold),6.958738939,6.895409202575683
ChemProp (D-MPNN Fold),7.113340102,7.577343463897705
ChemProp (D-MPNN Fold),7.30980392,7.2079870223999025
ChemProp (D-MPNN Fold),7.244125144,7.071745204925537
ChemProp (D-MPNN Fold),7.318758763,7.2620586395263675
ChemProp (D-MPNN Fold),5.958607315,6.2156211853027346
ChemProp (D-MPNN Fold),6.141595156,5.883382987976074
ChemProp (D-MPNN Fold),6.60204262,6.110551261901856
ChemProp (D-MPNN Fold),6.698977243,6.5304638862609865
ChemProp (D-MPNN Fold),6.698977243,6.814482688903809
ChemProp (D-MPNN Fold),7.30980392,7.745595073699951
ChemProp (D-MPNN Fold),8.045773576,7.201117324829101
ChemProp (D-MPNN Fold),4.677780705,4.882106018066406
ChemProp (D-MPNN Fold),4.049432181,4.81237096786499
ChemProp (D-MPNN Fold),5.408935393,4.511742877960205
ChemProp (D-MPNN Fold),5.397940009,4.482375717163086
ChemProp (D-MPNN Fold),6.15490196,6.323154354095459
ChemProp (D-MPNN Fold),6.853913328,6.7700221061706545
ChemProp (D-MPNN Fold),7.585026652,7.4909666061401365
ChemProp (D-MPNN Fold),7.318758763,6.567450332641601
ChemProp (D-MPNN Fold),7.30980392,7.2720002174377445
ChemProp (D-MPNN Fold),7.301029996,7.230559062957764
ChemProp (D-MPNN Fold),6.886067784,7.025404167175293
ChemProp (D-MPNN Fold),6.522878745,6.803725528717041
ChemProp (D-MPNN Fold),7.721170214,7.923404502868652
ChemProp (D-MPNN Fold),4.634512015,5.570625114440918
ChemProp (D-MPNN Fold),7.200659451,6.901762866973877
ChemProp (D-MPNN Fold),7.244125144,7.316298103332519
ChemProp (D-MPNN Fold),7.468521083,7.191191291809082
ChemProp (D-MPNN Fold),7.698970004,7.977832317352295
ChemProp (D-MPNN Fold),7.823908741,7.847551441192627
ChemProp (D-MPNN Fold),7.613501034,7.752027702331543
ChemProp (D-MPNN Fold),7.420216403,7.14928970336914
ChemProp (D-MPNN Fold),7.045757491,6.942351627349853
ChemProp (D-MPNN Fold),7.522878745,7.393260669708252
ChemProp (D-MPNN Fold),7.187086643,7.660560989379883
ChemProp (D-MPNN Fold),6.958607315,7.40294713973999
ChemProp (D-MPNN Fold),7.045757491,6.896445083618164
ChemProp (D-MPNN Fold),5.744727495,5.239229202270508
ChemProp (D-MPNN Fold),4.823908741,5.416861248016358
ChemProp (D-MPNN Fold),4.853871964,5.001590824127197
ChemProp (D-MPNN Fold),5.795880017,5.287646198272705
ChemProp (D-MPNN Fold),5.244125144,5.3259477615356445
ChemProp (D-MPNN Fold),4.774690718,5.090271854400635
ChemProp (D-MPNN Fold),8.568636236,8.537783813476562
ChemProp (D-MPNN Fold),8.173925197,8.609822082519532
ChemProp (D-MPNN Fold),8.113509275,8.02212734222412
ChemProp (D-MPNN Fold),7.638272164,7.592683029174805
ChemProp (D-MPNN Fold),6.853871964,5.775704956054687
ChemProp (D-MPNN Fold),5.853871964,6.1203409194946286
ChemProp (D-MPNN Fold),7.408935393,7.025731182098388
ChemProp (D-MPNN Fold),6.937436817,7.104194927215576
ChemProp (D-MPNN Fold),6.906718432,7.074182987213135
ChemProp (D-MPNN Fold),7.00438674,6.7224634170532225
ChemProp (D-MPNN Fold),7.769721424,7.2450611114501955
ChemProp (D-MPNN Fold),6.070581074,6.273830795288086
ChemProp (D-MPNN Fold),8.03167274,7.128612995147705
ChemProp (D-MPNN Fold),6.721162596,6.886296081542969
ChemProp (D-MPNN Fold),6.769704386,6.672514629364014
ChemProp (D-MPNN Fold),6.494868118,6.622103595733643
ChemProp (D-MPNN Fold),6.92080669,6.59820556640625
ChemProp (D-MPNN Fold),6.795880017,6.950436305999756
ChemProp (D-MPNN Fold),7.585026652,7.555241966247559
ChemProp (D-MPNN Fold),7.958738939,7.810851001739502
ChemProp (D-MPNN Fold),7.356547324,7.396913242340088
ChemProp (D-MPNN Fold),7.522927003,7.506010818481445
ChemProp (D-MPNN Fold),7.823908741,7.603013229370117
ChemProp (D-MPNN Fold),7.602059991,7.476454257965088
ChemProp (D-MPNN Fold),7.040974516,7.202731704711914
ChemProp (D-MPNN Fold),7.301029996,7.682993412017822
ChemProp (D-MPNN Fold),7.420216403,7.293911266326904
ChemProp (D-MPNN Fold),8.230745791,8.043231773376466
ChemProp (D-MPNN Fold),7.568636236,7.5365606307983395
ChemProp (D-MPNN Fold),7.585026652,7.52624101638794
ChemProp (D-MPNN Fold),7.744727495,7.57083911895752
ChemProp (D-MPNN Fold),7.795880017,7.6406941413879395
ChemProp (D-MPNN Fold),7.823908741,7.98503360748291
ChemProp (D-MPNN Fold),7.853871964,7.147640895843506
ChemProp (D-MPNN Fold),8.00884779,7.895106220245362
ChemProp (D-MPNN Fold),4.568636236,4.342656135559082
ChemProp (D-MPNN Fold),4.627087997,4.641967868804931
ChemProp (D-MPNN Fold),4.346787486,4.4738438606262205
ChemProp (D-MPNN Fold),4.30980392,5.137586879730224
ChemProp (D-MPNN Fold),4.468521083,5.640086269378662
ChemProp (D-MPNN Fold),7.795880017,7.804903602600097
ChemProp (D-MPNN Fold),4.853871964,6.371613597869873
ChemProp (D-MPNN Fold),5.585026652,5.7250110626220705
ChemProp (D-MPNN Fold),8.15490196,7.114814281463623
ChemProp (D-MPNN Fold),6.0,6.164051055908203
ChemProp (D-MPNN Fold),6.004364805,6.099070644378662
ChemProp (D-MPNN Fold),7.769551079,7.346130847930908
ChemProp (D-MPNN Fold),8.193820026,7.692729473114014
ChemProp (D-MPNN Fold),8.283996656,7.658185005187988
ChemProp (D-MPNN Fold),7.522878745,7.861274528503418
ChemProp (D-MPNN Fold),7.795880017,7.851945495605468
ChemProp (D-MPNN Fold),7.795880017,7.668327140808105
ChemProp (D-MPNN Fold),4.37675071,4.141924333572388
ChemProp (D-MPNN Fold),7.337242168,7.4284028053283695
ChemProp (D-MPNN Fold),6.92080669,6.622563171386719
ChemProp (D-MPNN Fold),7.0,7.515012931823731
ChemProp (D-MPNN Fold),7.26760624,6.706680488586426
ChemProp (D-MPNN Fold),7.552841969,7.358119773864746
ChemProp (D-MPNN Fold),7.060314383,7.216791248321533
ChemProp (D-MPNN Fold),7.070717345,7.140969944000244
ChemProp (D-MPNN Fold),7.337242168,7.281108474731445
ChemProp (D-MPNN Fold),7.823908741,7.934352874755859
ChemProp (D-MPNN Fold),7.568636236,7.750068092346192
ChemProp (D-MPNN Fold),4.920818754,4.213309097290039
ChemProp (D-MPNN Fold),4.489672889,4.1858217239379885
ChemProp (D-MPNN Fold),4.342944147,4.675056266784668
ChemProp (D-MPNN Fold),8.13076828,7.802050495147705
ChemProp (D-MPNN Fold),8.508638306,7.922539329528808
ChemProp (D-MPNN Fold),7.795880017,7.999741077423096
ChemProp (D-MPNN Fold),7.397976201,6.6227442741394045
ChemProp (D-MPNN Fold),6.958738939,7.399447441101074
ChemProp (D-MPNN Fold),6.92080669,7.036576557159424
ChemProp (D-MPNN Fold),7.0,7.3466715812683105
ChemProp (D-MPNN Fold),6.886067784,6.924720001220703
ChemProp (D-MPNN Fold),7.045773576,7.093556499481201
ChemProp (D-MPNN Fold),6.795889065,7.232004642486572
ChemProp (D-MPNN Fold),7.244125144,6.897425746917724
ChemProp (D-MPNN Fold),4.882728704,4.90650053024292
ChemProp (D-MPNN Fold),5.853871964,4.901118373870849
ChemProp (D-MPNN Fold),4.569090338,4.619046592712403
ChemProp (D-MPNN Fold),4.886056648,5.523683261871338
ChemProp (D-MPNN Fold),4.698970004,4.009419298171997
ChemProp (D-MPNN Fold),4.481867398,5.116052627563477
ChemProp (D-MPNN Fold),5.619859337,5.663000392913818
ChemProp (D-MPNN Fold),6.300685592,5.523466110229492
ChemProp (D-MPNN Fold),4.420216403,4.353167247772217
ChemProp (D-MPNN Fold),4.431798276,4.757885360717774
ChemProp (D-MPNN Fold),4.721184802,4.475033187866211
ChemProp (D-MPNN Fold),6.0,5.306698322296143
ChemProp (D-MPNN Fold),7.15490196,6.72673282623291
ChemProp (D-MPNN Fold),7.48148606,7.263859653472901
ChemProp (D-MPNN Fold),7.247977175,7.787242698669433
ChemProp (D-MPNN Fold),8.055681864,8.022575569152831
ChemProp (D-MPNN Fold),7.585026652,7.812314891815186
ChemProp (D-MPNN Fold),7.537602002,8.305784225463867
ChemProp (D-MPNN Fold),7.420216403,7.590322113037109
ChemProp (D-MPNN Fold),7.0,7.671706008911133
ChemProp (D-MPNN Fold),7.769721424,6.739354610443115
ChemProp (D-MPNN Fold),8.142667504,7.68214635848999
ChemProp (D-MPNN Fold),7.521433504,7.528878688812256
ChemProp (D-MPNN Fold),6.677780705,6.446750068664551
ChemProp (D-MPNN Fold),7.823908741,7.506569671630859
ChemProp (D-MPNN Fold),7.744727495,7.672545909881592
ChemProp (D-MPNN Fold),7.568636236,7.447113037109375
ChemProp (D-MPNN Fold),6.853871964,7.224011325836182
ChemProp (D-MPNN Fold),4.974694135,5.897667026519775
ChemProp (D-MPNN Fold),6.050609993,5.87647180557251
ChemProp (D-MPNN Fold),7.0,7.858014488220215
ChemProp (D-MPNN Fold),7.638272164,7.942826461791992
ChemProp (D-MPNN Fold),5.732828272,5.980810070037842
ChemProp (D-MPNN Fold),6.356547324,6.18910846710205
ChemProp (D-MPNN Fold),7.419075024,7.584916114807129
ChemProp (D-MPNN Fold),7.026887547,7.230627059936523
ChemProp (D-MPNN Fold),7.920818754,7.550172901153564
ChemProp (D-MPNN Fold),7.568636236,7.491567993164063
ChemProp (D-MPNN Fold),7.080921908,6.894818592071533
ChemProp (D-MPNN Fold),7.552841969,7.7589398384094235
ChemProp (D-MPNN Fold),6.958607315,6.291619491577149
ChemProp (D-MPNN Fold),5.161150909,5.950599575042725
ChemProp (D-MPNN Fold),6.0,6.294738101959228
ChemProp (D-MPNN Fold),5.15490196,6.054837036132812
ChemProp (D-MPNN Fold),8.102372909,7.285738372802735
ChemProp (D-MPNN Fold),5.26760624,5.7666703224182125
ChemProp (D-MPNN Fold),7.522878745,7.24118070602417
ChemProp (D-MPNN Fold),6.823908741,6.572572708129883
ChemProp (D-MPNN Fold),6.086186148,6.102644252777099
ChemProp (D-MPNN Fold),6.070581074,5.928926753997803
ChemProp (D-MPNN Fold),7.886056648,7.258913612365722
ChemProp (D-MPNN Fold),6.522917351,6.945623970031738
ChemProp (D-MPNN Fold),7.838731847,7.69029541015625
ChemProp (D-MPNN Fold),8.13076828,8.302180767059326
ChemProp (D-MPNN Fold),9.125706669,7.735482311248779
ChemProp (D-MPNN Fold),7.853871964,7.724407386779785
ChemProp (D-MPNN Fold),7.522878745,7.621289920806885
ChemProp (D-MPNN Fold),7.522914938,7.882640552520752
ChemProp (D-MPNN Fold),7.380211242,7.020732402801514
ChemProp (D-MPNN Fold),7.806895287,7.402236843109131
ChemProp (D-MPNN Fold),7.236721789,8.252125263214111
ChemProp (D-MPNN Fold),7.920818754,8.023714637756347
ChemProp (D-MPNN Fold),6.161150909,6.135089683532715
ChemProp (D-MPNN Fold),5.795880017,6.5874580383300785
ChemProp (D-MPNN Fold),7.886056648,7.22924222946167
ChemProp (D-MPNN Fold),6.065501549,6.573606967926025
ChemProp (D-MPNN Fold),7.124938737,7.005807209014892
ChemProp (D-MPNN Fold),7.119186408,6.049393939971924
ChemProp (D-MPNN Fold),6.113509275,5.4791943550109865
ChemProp (D-MPNN Fold),6.229147988,6.082657337188721
ChemProp (D-MPNN Fold),7.075720714,6.920353794097901
ChemProp (D-MPNN Fold),11.67778071,6.939410781860351
ChemProp (D-MPNN Fold),7.744727495,6.1542058944702145
ChemProp (D-MPNN Fold),6.619788758,5.923446559906006
ChemProp (D-MPNN Fold),4.70333481,4.969467639923096
ChemProp (D-MPNN Fold),6.15490196,5.430219936370849
ChemProp (D-MPNN Fold),3.955983171,6.213219070434571
ChemProp (D-MPNN Fold),7.625526611,7.402031135559082
ChemProp (D-MPNN Fold),4.551892574,5.189634704589844
ChemProp (D-MPNN Fold),8.318758763,7.823599720001221
ChemProp (D-MPNN Fold),7.657577319,7.116616439819336
ChemProp (D-MPNN Fold),7.795880017,7.5510529518127445
ChemProp (D-MPNN Fold),7.040958608,7.790249443054199
ChemProp (D-MPNN Fold),6.32330639,6.312997436523437
ChemProp (D-MPNN Fold),7.769551079,5.112116527557373
ChemProp (D-MPNN Fold),7.870023823,8.460210418701172
ChemProp (D-MPNN Fold),8.0,7.968463134765625
ChemProp (D-MPNN Fold),5.564710617,6.16773157119751
ChemProp (D-MPNN Fold),6.502955109,5.657105922698975
ChemProp (D-MPNN Fold),4.70333481,5.759957885742187
